{
	"credit": "Made with Blockbench",
	"textures": {
		"0": "sword",
		"particle": "sword"
	},
	"elements": [
		{
			"name": "sword_0",
			"from": [7.75, 13.25, 8],
			"to": [7.875, 14.25, 8.125],
			"faces": {
				"north": {"uv": [7.875, 1.75, 7.75, 2.75], "texture": "#0"},
				"east": {"uv": [7.75, 1.75, 7.875, 2.75], "texture": "#0"},
				"south": {"uv": [7.75, 1.75, 7.875, 2.75], "texture": "#0"},
				"west": {"uv": [7.75, 1.75, 7.875, 2.75], "texture": "#0"},
				"up": {"uv": [7.75, 1.75, 7.875, 1.875], "texture": "#0"},
				"down": {"uv": [7.75, 2.625, 7.875, 2.75], "texture": "#0"}
			}
		},
		{
			"name": "sword_1",
			"from": [7.625, 13.25, 8],
			"to": [7.75, 14.125, 8.125],
			"faces": {
				"north": {"uv": [7.75, 1.875, 7.625, 2.75], "texture": "#0"},
				"east": {"uv": [7.625, 1.875, 7.75, 2.75], "texture": "#0"},
				"south": {"uv": [7.625, 1.875, 7.75, 2.75], "texture": "#0"},
				"west": {"uv": [7.625, 1.875, 7.75, 2.75], "texture": "#0"},
				"up": {"uv": [7.625, 1.875, 7.75, 2], "texture": "#0"},
				"down": {"uv": [7.625, 2.625, 7.75, 2.75], "texture": "#0"}
			}
		},
		{
			"name": "sword_2",
			"from": [7.5, 12.75, 8],
			"to": [7.625, 14, 8.125],
			"faces": {
				"north": {"uv": [7.625, 2, 7.5, 3.25], "texture": "#0"},
				"east": {"uv": [7.5, 2, 7.625, 3.25], "texture": "#0"},
				"south": {"uv": [7.5, 2, 7.625, 3.25], "texture": "#0"},
				"west": {"uv": [7.5, 2, 7.625, 3.25], "texture": "#0"},
				"up": {"uv": [7.5, 2, 7.625, 2.125], "texture": "#0"},
				"down": {"uv": [7.5, 3.125, 7.625, 3.25], "texture": "#0"}
			}
		},
		{
			"name": "sword_3",
			"from": [7.375, 11.625, 8],
			"to": [7.5, 13.75, 8.125],
			"faces": {
				"north": {"uv": [7.5, 2.25, 7.375, 4.375], "texture": "#0"},
				"east": {"uv": [7.375, 2.25, 7.5, 4.375], "texture": "#0"},
				"south": {"uv": [7.375, 2.25, 7.5, 4.375], "texture": "#0"},
				"west": {"uv": [7.375, 2.25, 7.5, 4.375], "texture": "#0"},
				"up": {"uv": [7.375, 2.25, 7.5, 2.375], "texture": "#0"},
				"down": {"uv": [7.375, 4.25, 7.5, 4.375], "texture": "#0"}
			}
		},
		{
			"name": "sword_4",
			"from": [7.25, 7.5, 8],
			"to": [7.375, 13.5, 8.125],
			"faces": {
				"north": {"uv": [7.375, 2.5, 7.25, 8.5], "texture": "#0"},
				"east": {"uv": [7.25, 2.5, 7.375, 8.5], "texture": "#0"},
				"south": {"uv": [7.25, 2.5, 7.375, 8.5], "texture": "#0"},
				"west": {"uv": [7.25, 2.5, 7.375, 8.5], "texture": "#0"},
				"up": {"uv": [7.25, 2.5, 7.375, 2.625], "texture": "#0"},
				"down": {"uv": [7.25, 8.375, 7.375, 8.5], "texture": "#0"}
			}
		},
		{
			"name": "sword_5",
			"from": [7.625, 12.75, 7.95],
			"to": [7.875, 13.25, 8.175],
			"faces": {
				"north": {"uv": [8.125, 2.75, 7.875, 3.25], "texture": "#0"},
				"east": {"uv": [8, 2.75, 8.125, 3.25], "texture": "#0"},
				"south": {"uv": [7.875, 2.75, 8.125, 3.25], "texture": "#0"},
				"west": {"uv": [7.875, 2.75, 8, 3.25], "texture": "#0"},
				"up": {"uv": [7.875, 2.75, 8.125, 2.875], "texture": "#0"},
				"down": {"uv": [7.875, 3.125, 8.125, 3.25], "texture": "#0"}
			}
		},
		{
			"name": "sword_6",
			"from": [7.125, 7.5, 8],
			"to": [7.25, 13, 8.125],
			"faces": {
				"north": {"uv": [7.25, 3, 7.125, 8.5], "texture": "#0"},
				"east": {"uv": [7.125, 3, 7.25, 8.5], "texture": "#0"},
				"south": {"uv": [7.125, 3, 7.25, 8.5], "texture": "#0"},
				"west": {"uv": [7.125, 3, 7.25, 8.5], "texture": "#0"},
				"up": {"uv": [7.125, 3, 7.25, 3.125], "texture": "#0"},
				"down": {"uv": [7.125, 8.375, 7.25, 8.5], "texture": "#0"}
			}
		},
		{
			"name": "sword_7",
			"from": [7.5, 9.375, 7.95],
			"to": [7.75, 12.75, 8.175],
			"faces": {
				"north": {"uv": [8, 3.25, 7.75, 6.625], "texture": "#0"},
				"east": {"uv": [7.875, 3.25, 8, 6.625], "texture": "#0"},
				"south": {"uv": [7.75, 3.25, 8, 6.625], "texture": "#0"},
				"west": {"uv": [7.75, 3.25, 7.875, 6.625], "texture": "#0"},
				"up": {"uv": [7.75, 3.25, 8, 3.375], "texture": "#0"},
				"down": {"uv": [7.75, 6.5, 8, 6.625], "texture": "#0"}
			}
		},
		{
			"name": "sword_8",
			"from": [7, 10.5, 8],
			"to": [7.125, 12, 8.125],
			"faces": {
				"north": {"uv": [7.125, 4, 7, 5.5], "texture": "#0"},
				"east": {"uv": [7, 4, 7.125, 5.5], "texture": "#0"},
				"south": {"uv": [7, 4, 7.125, 5.5], "texture": "#0"},
				"west": {"uv": [7, 4, 7.125, 5.5], "texture": "#0"},
				"up": {"uv": [7, 4, 7.125, 4.125], "texture": "#0"},
				"down": {"uv": [7, 5.375, 7.125, 5.5], "texture": "#0"}
			}
		},
		{
			"name": "sword_9",
			"from": [7.375, 10.875, 7.95],
			"to": [7.5, 11.625, 8.175],
			"faces": {
				"north": {"uv": [7.75, 4.375, 7.625, 5.125], "texture": "#0"},
				"east": {"uv": [7.625, 4.375, 7.75, 5.125], "texture": "#0"},
				"south": {"uv": [7.625, 4.375, 7.75, 5.125], "texture": "#0"},
				"west": {"uv": [7.625, 4.375, 7.75, 5.125], "texture": "#0"},
				"up": {"uv": [7.625, 4.375, 7.75, 4.5], "texture": "#0"},
				"down": {"uv": [7.625, 5, 7.75, 5.125], "texture": "#0"}
			}
		},
		{
			"name": "sword_10",
			"from": [7.375, 7.625, 8],
			"to": [7.5, 10.875, 8.125],
			"faces": {
				"north": {"uv": [7.5, 5.125, 7.375, 8.375], "texture": "#0"},
				"east": {"uv": [7.375, 5.125, 7.5, 8.375], "texture": "#0"},
				"south": {"uv": [7.375, 5.125, 7.5, 8.375], "texture": "#0"},
				"west": {"uv": [7.375, 5.125, 7.5, 8.375], "texture": "#0"},
				"up": {"uv": [7.375, 5.125, 7.5, 5.25], "texture": "#0"},
				"down": {"uv": [7.375, 8.25, 7.5, 8.375], "texture": "#0"}
			}
		},
		{
			"name": "sword_11",
			"from": [7.75, 9, 7.9],
			"to": [7.875, 9.625, 8.225],
			"faces": {
				"north": {"uv": [8.375, 6.375, 8.25, 7], "texture": "#0"},
				"east": {"uv": [8.25, 6.375, 8.375, 7], "texture": "#0"},
				"south": {"uv": [8.25, 6.375, 8.375, 7], "texture": "#0"},
				"west": {"uv": [8.25, 6.375, 8.375, 7], "texture": "#0"},
				"up": {"uv": [8.25, 6.375, 8.375, 6.5], "texture": "#0"},
				"down": {"uv": [8.25, 6.875, 8.375, 7], "texture": "#0"}
			}
		},
		{
			"name": "sword_12",
			"from": [7.875, 9.25, 7.9],
			"to": [8.125, 9.5, 8.225],
			"faces": {
				"north": {"uv": [8.625, 6.5, 8.375, 6.75], "texture": "#0"},
				"east": {"uv": [8.5, 6.5, 8.625, 6.75], "texture": "#0"},
				"south": {"uv": [8.375, 6.5, 8.625, 6.75], "texture": "#0"},
				"west": {"uv": [8.375, 6.5, 8.5, 6.75], "texture": "#0"},
				"up": {"uv": [8.375, 6.5, 8.625, 6.625], "texture": "#0"},
				"down": {"uv": [8.375, 6.625, 8.625, 6.75], "texture": "#0"}
			}
		},
		{
			"name": "sword_13",
			"from": [8.125, 9.375, 7.9],
			"to": [8.25, 9.5, 8.225],
			"faces": {
				"north": {"uv": [8.75, 6.5, 8.625, 6.625], "texture": "#0"},
				"east": {"uv": [8.625, 6.5, 8.75, 6.625], "texture": "#0"},
				"south": {"uv": [8.625, 6.5, 8.75, 6.625], "texture": "#0"},
				"west": {"uv": [8.625, 6.5, 8.75, 6.625], "texture": "#0"},
				"up": {"uv": [8.625, 6.5, 8.75, 6.625], "texture": "#0"},
				"down": {"uv": [8.625, 6.5, 8.75, 6.625], "texture": "#0"}
			}
		},
		{
			"name": "sword_14",
			"from": [7.5, 9.125, 7.95],
			"to": [7.625, 9.375, 8.175],
			"faces": {
				"north": {"uv": [7.875, 6.625, 7.75, 6.875], "texture": "#0"},
				"east": {"uv": [7.75, 6.625, 7.875, 6.875], "texture": "#0"},
				"south": {"uv": [7.75, 6.625, 7.875, 6.875], "texture": "#0"},
				"west": {"uv": [7.75, 6.625, 7.875, 6.875], "texture": "#0"},
				"up": {"uv": [7.75, 6.625, 7.875, 6.75], "texture": "#0"},
				"down": {"uv": [7.75, 6.75, 7.875, 6.875], "texture": "#0"}
			}
		},
		{
			"name": "sword_15",
			"from": [7.625, 8.75, 7.9],
			"to": [7.75, 9.375, 8.225],
			"faces": {
				"north": {"uv": [8.25, 6.625, 8.125, 7.25], "texture": "#0"},
				"east": {"uv": [8.125, 6.625, 8.25, 7.25], "texture": "#0"},
				"south": {"uv": [8.125, 6.625, 8.25, 7.25], "texture": "#0"},
				"west": {"uv": [8.125, 6.625, 8.25, 7.25], "texture": "#0"},
				"up": {"uv": [8.125, 6.625, 8.25, 6.75], "texture": "#0"},
				"down": {"uv": [8.125, 7.125, 8.25, 7.25], "texture": "#0"}
			}
		},
		{
			"name": "sword_16",
			"from": [7.875, 9.125, 7.9],
			"to": [8, 9.25, 8.225],
			"faces": {
				"north": {"uv": [8.5, 6.75, 8.375, 6.875], "texture": "#0"},
				"east": {"uv": [8.375, 6.75, 8.5, 6.875], "texture": "#0"},
				"south": {"uv": [8.375, 6.75, 8.5, 6.875], "texture": "#0"},
				"west": {"uv": [8.375, 6.75, 8.5, 6.875], "texture": "#0"},
				"up": {"uv": [8.375, 6.75, 8.5, 6.875], "texture": "#0"},
				"down": {"uv": [8.375, 6.75, 8.5, 6.875], "texture": "#0"}
			}
		},
		{
			"name": "sword_17",
			"from": [7.5, 8.5, 7.9],
			"to": [7.625, 9.125, 8.225],
			"faces": {
				"north": {"uv": [8.125, 6.875, 8, 7.5], "texture": "#0"},
				"east": {"uv": [8, 6.875, 8.125, 7.5], "texture": "#0"},
				"south": {"uv": [8, 6.875, 8.125, 7.5], "texture": "#0"},
				"west": {"uv": [8, 6.875, 8.125, 7.5], "texture": "#0"},
				"up": {"uv": [8, 6.875, 8.125, 7], "texture": "#0"},
				"down": {"uv": [8, 7.375, 8.125, 7.5], "texture": "#0"}
			}
		},
		{
			"name": "sword_18",
			"from": [7, 7.375, 8],
			"to": [7.125, 8.75, 8.125],
			"faces": {
				"north": {"uv": [7.125, 7.25, 7, 8.625], "texture": "#0"},
				"east": {"uv": [7, 7.25, 7.125, 8.625], "texture": "#0"},
				"south": {"uv": [7, 7.25, 7.125, 8.625], "texture": "#0"},
				"west": {"uv": [7, 7.25, 7.125, 8.625], "texture": "#0"},
				"up": {"uv": [7, 7.25, 7.125, 7.375], "texture": "#0"},
				"down": {"uv": [7, 8.5, 7.125, 8.625], "texture": "#0"}
			}
		},
		{
			"name": "sword_19",
			"from": [7.625, 8.375, 8],
			"to": [7.75, 8.75, 8.125],
			"faces": {
				"north": {"uv": [7.75, 7.25, 7.625, 7.625], "texture": "#0"},
				"east": {"uv": [7.625, 7.25, 7.75, 7.625], "texture": "#0"},
				"south": {"uv": [7.625, 7.25, 7.75, 7.625], "texture": "#0"},
				"west": {"uv": [7.625, 7.25, 7.75, 7.625], "texture": "#0"},
				"up": {"uv": [7.625, 7.25, 7.75, 7.375], "texture": "#0"},
				"down": {"uv": [7.625, 7.5, 7.75, 7.625], "texture": "#0"}
			}
		},
		{
			"name": "sword_20",
			"from": [7.75, 8, 7.9],
			"to": [7.875, 8.625, 8.225],
			"faces": {
				"north": {"uv": [8.375, 7.375, 8.25, 8], "texture": "#0"},
				"east": {"uv": [8.25, 7.375, 8.375, 8], "texture": "#0"},
				"south": {"uv": [8.25, 7.375, 8.375, 8], "texture": "#0"},
				"west": {"uv": [8.25, 7.375, 8.375, 8], "texture": "#0"},
				"up": {"uv": [8.25, 7.375, 8.375, 7.5], "texture": "#0"},
				"down": {"uv": [8.25, 7.875, 8.375, 8], "texture": "#0"}
			}
		},
		{
			"name": "sword_21",
			"from": [7.5, 8.125, 8],
			"to": [7.625, 8.5, 8.125],
			"faces": {
				"north": {"uv": [7.625, 7.5, 7.5, 7.875], "texture": "#0"},
				"east": {"uv": [7.5, 7.5, 7.625, 7.875], "texture": "#0"},
				"south": {"uv": [7.5, 7.5, 7.625, 7.875], "texture": "#0"},
				"west": {"uv": [7.5, 7.5, 7.625, 7.875], "texture": "#0"},
				"up": {"uv": [7.5, 7.5, 7.625, 7.625], "texture": "#0"},
				"down": {"uv": [7.5, 7.75, 7.625, 7.875], "texture": "#0"}
			}
		},
		{
			"name": "sword_22",
			"from": [7.875, 8.25, 7.9],
			"to": [8.125, 8.5, 8.225],
			"faces": {
				"north": {"uv": [8.625, 7.5, 8.375, 7.75], "texture": "#0"},
				"east": {"uv": [8.5, 7.5, 8.625, 7.75], "texture": "#0"},
				"south": {"uv": [8.375, 7.5, 8.625, 7.75], "texture": "#0"},
				"west": {"uv": [8.375, 7.5, 8.5, 7.75], "texture": "#0"},
				"up": {"uv": [8.375, 7.5, 8.625, 7.625], "texture": "#0"},
				"down": {"uv": [8.375, 7.625, 8.625, 7.75], "texture": "#0"}
			}
		},
		{
			"name": "sword_23",
			"from": [8.125, 8.375, 7.9],
			"to": [8.25, 8.5, 8.225],
			"faces": {
				"north": {"uv": [8.75, 7.5, 8.625, 7.625], "texture": "#0"},
				"east": {"uv": [8.625, 7.5, 8.75, 7.625], "texture": "#0"},
				"south": {"uv": [8.625, 7.5, 8.75, 7.625], "texture": "#0"},
				"west": {"uv": [8.625, 7.5, 8.75, 7.625], "texture": "#0"},
				"up": {"uv": [8.625, 7.5, 8.75, 7.625], "texture": "#0"},
				"down": {"uv": [8.625, 7.5, 8.75, 7.625], "texture": "#0"}
			}
		},
		{
			"name": "sword_24",
			"from": [7.625, 7.625, 7.9],
			"to": [7.75, 8.375, 8.225],
			"faces": {
				"north": {"uv": [8.25, 7.625, 8.125, 8.375], "texture": "#0"},
				"east": {"uv": [8.125, 7.625, 8.25, 8.375], "texture": "#0"},
				"south": {"uv": [8.125, 7.625, 8.25, 8.375], "texture": "#0"},
				"west": {"uv": [8.125, 7.625, 8.25, 8.375], "texture": "#0"},
				"up": {"uv": [8.125, 7.625, 8.25, 7.75], "texture": "#0"},
				"down": {"uv": [8.125, 8.25, 8.25, 8.375], "texture": "#0"}
			}
		},
		{
			"name": "sword_25",
			"from": [7.875, 8.125, 7.9],
			"to": [8, 8.25, 8.225],
			"faces": {
				"north": {"uv": [8.5, 7.75, 8.375, 7.875], "texture": "#0"},
				"east": {"uv": [8.375, 7.75, 8.5, 7.875], "texture": "#0"},
				"south": {"uv": [8.375, 7.75, 8.5, 7.875], "texture": "#0"},
				"west": {"uv": [8.375, 7.75, 8.5, 7.875], "texture": "#0"},
				"up": {"uv": [8.375, 7.75, 8.5, 7.875], "texture": "#0"},
				"down": {"uv": [8.375, 7.75, 8.5, 7.875], "texture": "#0"}
			}
		},
		{
			"name": "sword_26",
			"from": [6.875, 7.125, 8],
			"to": [7, 8.125, 8.125],
			"faces": {
				"north": {"uv": [7, 7.875, 6.875, 8.875], "texture": "#0"},
				"east": {"uv": [6.875, 7.875, 7, 8.875], "texture": "#0"},
				"south": {"uv": [6.875, 7.875, 7, 8.875], "texture": "#0"},
				"west": {"uv": [6.875, 7.875, 7, 8.875], "texture": "#0"},
				"up": {"uv": [6.875, 7.875, 7, 8], "texture": "#0"},
				"down": {"uv": [6.875, 8.75, 7, 8.875], "texture": "#0"}
			}
		},
		{
			"name": "sword_27",
			"from": [7.5, 7.625, 7.9],
			"to": [7.625, 8.125, 8.225],
			"faces": {
				"north": {"uv": [8.125, 7.875, 8, 8.375], "texture": "#0"},
				"east": {"uv": [8, 7.875, 8.125, 8.375], "texture": "#0"},
				"south": {"uv": [8, 7.875, 8.125, 8.375], "texture": "#0"},
				"west": {"uv": [8, 7.875, 8.125, 8.375], "texture": "#0"},
				"up": {"uv": [8, 7.875, 8.125, 8], "texture": "#0"},
				"down": {"uv": [8, 8.25, 8.125, 8.375], "texture": "#0"}
			}
		},
		{
			"name": "sword_28",
			"from": [7.75, 7.75, 8],
			"to": [7.875, 8, 8.125],
			"faces": {
				"north": {"uv": [7.875, 8, 7.75, 8.25], "texture": "#0"},
				"east": {"uv": [7.75, 8, 7.875, 8.25], "texture": "#0"},
				"south": {"uv": [7.75, 8, 7.875, 8.25], "texture": "#0"},
				"west": {"uv": [7.75, 8, 7.875, 8.25], "texture": "#0"},
				"up": {"uv": [7.75, 8, 7.875, 8.125], "texture": "#0"},
				"down": {"uv": [7.75, 8.125, 7.875, 8.25], "texture": "#0"}
			}
		},
		{
			"name": "sword_29",
			"from": [6.375, 7.25, 8],
			"to": [6.5, 7.875, 8.125],
			"faces": {
				"north": {"uv": [6.5, 8.125, 6.375, 8.75], "texture": "#0"},
				"east": {"uv": [6.375, 8.125, 6.5, 8.75], "texture": "#0"},
				"south": {"uv": [6.375, 8.125, 6.5, 8.75], "texture": "#0"},
				"west": {"uv": [6.375, 8.125, 6.5, 8.75], "texture": "#0"},
				"up": {"uv": [6.375, 8.125, 6.5, 8.25], "texture": "#0"},
				"down": {"uv": [6.375, 8.625, 6.5, 8.75], "texture": "#0"}
			}
		},
		{
			"name": "sword_30",
			"from": [8.5, 7.5, 7.95],
			"to": [8.625, 7.875, 8.175],
			"faces": {
				"north": {"uv": [9.375, 8.125, 9.25, 8.5], "texture": "#0"},
				"east": {"uv": [9.25, 8.125, 9.375, 8.5], "texture": "#0"},
				"south": {"uv": [9.25, 8.125, 9.375, 8.5], "texture": "#0"},
				"west": {"uv": [9.25, 8.125, 9.375, 8.5], "texture": "#0"},
				"up": {"uv": [9.25, 8.125, 9.375, 8.25], "texture": "#0"},
				"down": {"uv": [9.25, 8.375, 9.375, 8.5], "texture": "#0"}
			}
		},
		{
			"name": "sword_31",
			"from": [7.75, 7.625, 7.9],
			"to": [7.875, 7.75, 8.225],
			"faces": {
				"north": {"uv": [8.375, 8.25, 8.25, 8.375], "texture": "#0"},
				"east": {"uv": [8.25, 8.25, 8.375, 8.375], "texture": "#0"},
				"south": {"uv": [8.25, 8.25, 8.375, 8.375], "texture": "#0"},
				"west": {"uv": [8.25, 8.25, 8.375, 8.375], "texture": "#0"},
				"up": {"uv": [8.25, 8.25, 8.375, 8.375], "texture": "#0"},
				"down": {"uv": [8.25, 8.25, 8.375, 8.375], "texture": "#0"}
			}
		},
		{
			"name": "sword_32",
			"from": [8.25, 7.375, 7.95],
			"to": [8.5, 7.75, 8.175],
			"faces": {
				"north": {"uv": [9.25, 8.25, 9, 8.625], "texture": "#0"},
				"east": {"uv": [9.125, 8.25, 9.25, 8.625], "texture": "#0"},
				"south": {"uv": [9, 8.25, 9.25, 8.625], "texture": "#0"},
				"west": {"uv": [9, 8.25, 9.125, 8.625], "texture": "#0"},
				"up": {"uv": [9, 8.25, 9.25, 8.375], "texture": "#0"},
				"down": {"uv": [9, 8.5, 9.25, 8.625], "texture": "#0"}
			}
		},
		{
			"name": "sword_33",
			"from": [6.5, 7, 8],
			"to": [6.625, 7.625, 8.125],
			"faces": {
				"north": {"uv": [6.625, 8.375, 6.5, 9], "texture": "#0"},
				"east": {"uv": [6.5, 8.375, 6.625, 9], "texture": "#0"},
				"south": {"uv": [6.5, 8.375, 6.625, 9], "texture": "#0"},
				"west": {"uv": [6.5, 8.375, 6.625, 9], "texture": "#0"},
				"up": {"uv": [6.5, 8.375, 6.625, 8.5], "texture": "#0"},
				"down": {"uv": [6.5, 8.875, 6.625, 9], "texture": "#0"}
			}
		},
		{
			"name": "sword_34",
			"from": [6.75, 6.625, 8],
			"to": [6.875, 7.625, 8.125],
			"faces": {
				"north": {"uv": [6.875, 8.375, 6.75, 9.375], "texture": "#0"},
				"east": {"uv": [6.75, 8.375, 6.875, 9.375], "texture": "#0"},
				"south": {"uv": [6.75, 8.375, 6.875, 9.375], "texture": "#0"},
				"west": {"uv": [6.75, 8.375, 6.875, 9.375], "texture": "#0"},
				"up": {"uv": [6.75, 8.375, 6.875, 8.5], "texture": "#0"},
				"down": {"uv": [6.75, 9.25, 6.875, 9.375], "texture": "#0"}
			}
		},
		{
			"name": "sword_35",
			"from": [7.875, 7.5, 7.95],
			"to": [8, 7.625, 8.175],
			"faces": {
				"north": {"uv": [8.75, 8.375, 8.625, 8.5], "texture": "#0"},
				"east": {"uv": [8.625, 8.375, 8.75, 8.5], "texture": "#0"},
				"south": {"uv": [8.625, 8.375, 8.75, 8.5], "texture": "#0"},
				"west": {"uv": [8.625, 8.375, 8.75, 8.5], "texture": "#0"},
				"up": {"uv": [8.625, 8.375, 8.75, 8.5], "texture": "#0"},
				"down": {"uv": [8.625, 8.375, 8.75, 8.5], "texture": "#0"}
			}
		},
		{
			"name": "sword_36",
			"from": [8.125, 7.125, 7.95],
			"to": [8.25, 7.625, 8.175],
			"faces": {
				"north": {"uv": [9, 8.375, 8.875, 8.875], "texture": "#0"},
				"east": {"uv": [8.875, 8.375, 9, 8.875], "texture": "#0"},
				"south": {"uv": [8.875, 8.375, 9, 8.875], "texture": "#0"},
				"west": {"uv": [8.875, 8.375, 9, 8.875], "texture": "#0"},
				"up": {"uv": [8.875, 8.375, 9, 8.5], "texture": "#0"},
				"down": {"uv": [8.875, 8.75, 9, 8.875], "texture": "#0"}
			}
		},
		{
			"name": "sword_37",
			"from": [8, 7.375, 7.95],
			"to": [8.125, 7.5, 8.175],
			"faces": {
				"north": {"uv": [8.875, 8.5, 8.75, 8.625], "texture": "#0"},
				"east": {"uv": [8.75, 8.5, 8.875, 8.625], "texture": "#0"},
				"south": {"uv": [8.75, 8.5, 8.875, 8.625], "texture": "#0"},
				"west": {"uv": [8.75, 8.5, 8.875, 8.625], "texture": "#0"},
				"up": {"uv": [8.75, 8.5, 8.875, 8.625], "texture": "#0"},
				"down": {"uv": [8.75, 8.5, 8.875, 8.625], "texture": "#0"}
			}
		},
		{
			"name": "sword_38",
			"from": [6.625, 6.375, 8],
			"to": [6.75, 7.375, 8.125],
			"faces": {
				"north": {"uv": [6.75, 8.625, 6.625, 9.625], "texture": "#0"},
				"east": {"uv": [6.625, 8.625, 6.75, 9.625], "texture": "#0"},
				"south": {"uv": [6.625, 8.625, 6.75, 9.625], "texture": "#0"},
				"west": {"uv": [6.625, 8.625, 6.75, 9.625], "texture": "#0"},
				"up": {"uv": [6.625, 8.625, 6.75, 8.75], "texture": "#0"},
				"down": {"uv": [6.625, 9.5, 6.75, 9.625], "texture": "#0"}
			}
		},
		{
			"name": "sword_39",
			"from": [8.25, 7.125, 7.95],
			"to": [8.375, 7.375, 8.175],
			"faces": {
				"north": {"uv": [9.125, 8.625, 9, 8.875], "texture": "#0"},
				"east": {"uv": [9, 8.625, 9.125, 8.875], "texture": "#0"},
				"south": {"uv": [9, 8.625, 9.125, 8.875], "texture": "#0"},
				"west": {"uv": [9, 8.625, 9.125, 8.875], "texture": "#0"},
				"up": {"uv": [9, 8.625, 9.125, 8.75], "texture": "#0"},
				"down": {"uv": [9, 8.75, 9.125, 8.875], "texture": "#0"}
			}
		},
		{
			"name": "sword_40",
			"from": [7.375, 7.375, 7.85],
			"to": [7.875, 7.625, 8.275],
			"faces": {
				"north": {"uv": [8.375, 8.875, 7.875, 9.125], "texture": "#0"},
				"east": {"uv": [8.25, 8.875, 8.375, 9.125], "texture": "#0"},
				"south": {"uv": [7.875, 8.875, 8.375, 9.125], "texture": "#0"},
				"west": {"uv": [7.875, 8.875, 8, 9.125], "texture": "#0"},
				"up": {"uv": [7.875, 8.875, 8.375, 9], "texture": "#0"},
				"down": {"uv": [7.875, 9, 8.375, 9.125], "texture": "#0"}
			}
		},
		{
			"name": "sword_41",
			"from": [7.125, 7.25, 7.85],
			"to": [7.375, 7.5, 8.275],
			"faces": {
				"north": {"uv": [7.875, 9, 7.625, 9.25], "texture": "#0"},
				"east": {"uv": [7.75, 9, 7.875, 9.25], "texture": "#0"},
				"south": {"uv": [7.625, 9, 7.875, 9.25], "texture": "#0"},
				"west": {"uv": [7.625, 9, 7.75, 9.25], "texture": "#0"},
				"up": {"uv": [7.625, 9, 7.875, 9.125], "texture": "#0"},
				"down": {"uv": [7.625, 9.125, 7.875, 9.25], "texture": "#0"}
			}
		},
		{
			"name": "sword_42",
			"from": [7.875, 7.125, 7.85],
			"to": [8, 7.5, 8.275],
			"faces": {
				"north": {"uv": [8.5, 9, 8.375, 9.375], "texture": "#0"},
				"east": {"uv": [8.375, 9, 8.5, 9.375], "texture": "#0"},
				"south": {"uv": [8.375, 9, 8.5, 9.375], "texture": "#0"},
				"west": {"uv": [8.375, 9, 8.5, 9.375], "texture": "#0"},
				"up": {"uv": [8.375, 9, 8.5, 9.125], "texture": "#0"},
				"down": {"uv": [8.375, 9.25, 8.5, 9.375], "texture": "#0"}
			}
		},
		{
			"name": "sword_43",
			"from": [7, 6.5, 7.85],
			"to": [7.125, 7.375, 8.275],
			"faces": {
				"north": {"uv": [7.625, 9.125, 7.5, 10], "texture": "#0"},
				"east": {"uv": [7.5, 9.125, 7.625, 10], "texture": "#0"},
				"south": {"uv": [7.5, 9.125, 7.625, 10], "texture": "#0"},
				"west": {"uv": [7.5, 9.125, 7.625, 10], "texture": "#0"},
				"up": {"uv": [7.5, 9.125, 7.625, 9.25], "texture": "#0"},
				"down": {"uv": [7.5, 9.875, 7.625, 10], "texture": "#0"}
			}
		},
		{
			"name": "sword_44",
			"from": [7.75, 7.25, 7.85],
			"to": [7.875, 7.375, 8.275],
			"faces": {
				"north": {"uv": [8.375, 9.125, 8.25, 9.25], "texture": "#0"},
				"east": {"uv": [8.25, 9.125, 8.375, 9.25], "texture": "#0"},
				"south": {"uv": [8.25, 9.125, 8.375, 9.25], "texture": "#0"},
				"west": {"uv": [8.25, 9.125, 8.375, 9.25], "texture": "#0"},
				"up": {"uv": [8.25, 9.125, 8.375, 9.25], "texture": "#0"},
				"down": {"uv": [8.25, 9.125, 8.375, 9.25], "texture": "#0"}
			}
		},
		{
			"name": "sword_45",
			"from": [8, 6.5, 7.85],
			"to": [8.125, 7.375, 8.275],
			"faces": {
				"north": {"uv": [8.625, 9.125, 8.5, 10], "texture": "#0"},
				"east": {"uv": [8.5, 9.125, 8.625, 10], "texture": "#0"},
				"south": {"uv": [8.5, 9.125, 8.625, 10], "texture": "#0"},
				"west": {"uv": [8.5, 9.125, 8.625, 10], "texture": "#0"},
				"up": {"uv": [8.5, 9.125, 8.625, 9.25], "texture": "#0"},
				"down": {"uv": [8.5, 9.875, 8.625, 10], "texture": "#0"}
			}
		},
		{
			"name": "sword_46",
			"from": [7.375, 6.5, 7.9],
			"to": [7.75, 7.375, 8.225],
			"faces": {
				"north": {"uv": [10.25, 9.125, 9.875, 10], "texture": "#0"},
				"east": {"uv": [10.125, 9.125, 10.25, 10], "texture": "#0"},
				"south": {"uv": [9.875, 9.125, 10.25, 10], "texture": "#0"},
				"west": {"uv": [9.875, 9.125, 10, 10], "texture": "#0"},
				"up": {"uv": [9.875, 9.125, 10.25, 9.25], "texture": "#0"},
				"down": {"uv": [9.875, 9.875, 10.25, 10], "texture": "#0"}
			}
		},
		{
			"name": "sword_47",
			"from": [7.125, 7.125, 7.85],
			"to": [7.25, 7.25, 8.275],
			"faces": {
				"north": {"uv": [7.75, 9.25, 7.625, 9.375], "texture": "#0"},
				"east": {"uv": [7.625, 9.25, 7.75, 9.375], "texture": "#0"},
				"south": {"uv": [7.625, 9.25, 7.75, 9.375], "texture": "#0"},
				"west": {"uv": [7.625, 9.25, 7.75, 9.375], "texture": "#0"},
				"up": {"uv": [7.625, 9.25, 7.75, 9.375], "texture": "#0"},
				"down": {"uv": [7.625, 9.25, 7.75, 9.375], "texture": "#0"}
			}
		},
		{
			"name": "sword_48",
			"from": [7.25, 6.625, 7.9],
			"to": [7.375, 7.25, 8.225],
			"faces": {
				"north": {"uv": [9.875, 9.25, 9.75, 9.875], "texture": "#0"},
				"east": {"uv": [9.75, 9.25, 9.875, 9.875], "texture": "#0"},
				"south": {"uv": [9.75, 9.25, 9.875, 9.875], "texture": "#0"},
				"west": {"uv": [9.75, 9.25, 9.875, 9.875], "texture": "#0"},
				"up": {"uv": [9.75, 9.25, 9.875, 9.375], "texture": "#0"},
				"down": {"uv": [9.75, 9.75, 9.875, 9.875], "texture": "#0"}
			}
		},
		{
			"name": "sword_49",
			"from": [7.75, 6.625, 7.9],
			"to": [7.875, 7.25, 8.225],
			"faces": {
				"north": {"uv": [10.375, 9.25, 10.25, 9.875], "texture": "#0"},
				"east": {"uv": [10.25, 9.25, 10.375, 9.875], "texture": "#0"},
				"south": {"uv": [10.25, 9.25, 10.375, 9.875], "texture": "#0"},
				"west": {"uv": [10.25, 9.25, 10.375, 9.875], "texture": "#0"},
				"up": {"uv": [10.25, 9.25, 10.375, 9.375], "texture": "#0"},
				"down": {"uv": [10.25, 9.75, 10.375, 9.875], "texture": "#0"}
			}
		},
		{
			"name": "sword_50",
			"from": [6.5, 6.375, 8],
			"to": [6.625, 6.625, 8.125],
			"faces": {
				"north": {"uv": [6.625, 9.375, 6.5, 9.625], "texture": "#0"},
				"east": {"uv": [6.5, 9.375, 6.625, 9.625], "texture": "#0"},
				"south": {"uv": [6.5, 9.375, 6.625, 9.625], "texture": "#0"},
				"west": {"uv": [6.5, 9.375, 6.625, 9.625], "texture": "#0"},
				"up": {"uv": [6.5, 9.375, 6.625, 9.5], "texture": "#0"},
				"down": {"uv": [6.5, 9.5, 6.625, 9.625], "texture": "#0"}
			}
		},
		{
			"name": "sword_51",
			"from": [6.875, 6.75, 7.85],
			"to": [7, 7.125, 8.275],
			"faces": {
				"north": {"uv": [7.5, 9.375, 7.375, 9.75], "texture": "#0"},
				"east": {"uv": [7.375, 9.375, 7.5, 9.75], "texture": "#0"},
				"south": {"uv": [7.375, 9.375, 7.5, 9.75], "texture": "#0"},
				"west": {"uv": [7.375, 9.375, 7.5, 9.75], "texture": "#0"},
				"up": {"uv": [7.375, 9.375, 7.5, 9.5], "texture": "#0"},
				"down": {"uv": [7.375, 9.625, 7.5, 9.75], "texture": "#0"}
			}
		},
		{
			"name": "sword_52",
			"from": [8.125, 6.75, 7.85],
			"to": [8.25, 7.125, 8.275],
			"faces": {
				"north": {"uv": [8.75, 9.375, 8.625, 9.75], "texture": "#0"},
				"east": {"uv": [8.625, 9.375, 8.75, 9.75], "texture": "#0"},
				"south": {"uv": [8.625, 9.375, 8.75, 9.75], "texture": "#0"},
				"west": {"uv": [8.625, 9.375, 8.75, 9.75], "texture": "#0"},
				"up": {"uv": [8.625, 9.375, 8.75, 9.5], "texture": "#0"},
				"down": {"uv": [8.625, 9.625, 8.75, 9.75], "texture": "#0"}
			}
		},
		{
			"name": "sword_53",
			"from": [7.125, 6.75, 7.9],
			"to": [7.25, 7.125, 8.225],
			"faces": {
				"north": {"uv": [9.75, 9.375, 9.625, 9.75], "texture": "#0"},
				"east": {"uv": [9.625, 9.375, 9.75, 9.75], "texture": "#0"},
				"south": {"uv": [9.625, 9.375, 9.75, 9.75], "texture": "#0"},
				"west": {"uv": [9.625, 9.375, 9.75, 9.75], "texture": "#0"},
				"up": {"uv": [9.625, 9.375, 9.75, 9.5], "texture": "#0"},
				"down": {"uv": [9.625, 9.625, 9.75, 9.75], "texture": "#0"}
			}
		},
		{
			"name": "sword_54",
			"from": [7.875, 6.75, 7.9],
			"to": [8, 7.125, 8.225],
			"faces": {
				"north": {"uv": [10.5, 9.375, 10.375, 9.75], "texture": "#0"},
				"east": {"uv": [10.375, 9.375, 10.5, 9.75], "texture": "#0"},
				"south": {"uv": [10.375, 9.375, 10.5, 9.75], "texture": "#0"},
				"west": {"uv": [10.375, 9.375, 10.5, 9.75], "texture": "#0"},
				"up": {"uv": [10.375, 9.375, 10.5, 9.5], "texture": "#0"},
				"down": {"uv": [10.375, 9.625, 10.5, 9.75], "texture": "#0"}
			}
		},
		{
			"name": "sword_55",
			"from": [6.375, 6.375, 8],
			"to": [6.5, 6.5, 8.125],
			"faces": {
				"north": {"uv": [6.5, 9.5, 6.375, 9.625], "texture": "#0"},
				"east": {"uv": [6.375, 9.5, 6.5, 9.625], "texture": "#0"},
				"south": {"uv": [6.375, 9.5, 6.5, 9.625], "texture": "#0"},
				"west": {"uv": [6.375, 9.5, 6.5, 9.625], "texture": "#0"},
				"up": {"uv": [6.375, 9.5, 6.5, 9.625], "texture": "#0"},
				"down": {"uv": [6.375, 9.5, 6.5, 9.625], "texture": "#0"}
			}
		},
		{
			"name": "sword_56",
			"from": [6.875, 6.125, 7.9],
			"to": [7, 6.75, 8.225],
			"faces": {
				"north": {"uv": [7, 9.75, 6.875, 10.375], "texture": "#0"},
				"east": {"uv": [6.875, 9.75, 7, 10.375], "texture": "#0"},
				"south": {"uv": [6.875, 9.75, 7, 10.375], "texture": "#0"},
				"west": {"uv": [6.875, 9.75, 7, 10.375], "texture": "#0"},
				"up": {"uv": [6.875, 9.75, 7, 9.875], "texture": "#0"},
				"down": {"uv": [6.875, 10.25, 7, 10.375], "texture": "#0"}
			}
		},
		{
			"name": "sword_57",
			"from": [7.125, 6.375, 7.85],
			"to": [7.25, 6.75, 8.275],
			"faces": {
				"north": {"uv": [7.75, 9.75, 7.625, 10.125], "texture": "#0"},
				"east": {"uv": [7.625, 9.75, 7.75, 10.125], "texture": "#0"},
				"south": {"uv": [7.625, 9.75, 7.75, 10.125], "texture": "#0"},
				"west": {"uv": [7.625, 9.75, 7.75, 10.125], "texture": "#0"},
				"up": {"uv": [7.625, 9.75, 7.75, 9.875], "texture": "#0"},
				"down": {"uv": [7.625, 10, 7.75, 10.125], "texture": "#0"}
			}
		},
		{
			"name": "sword_58",
			"from": [7.875, 6.375, 7.85],
			"to": [8, 6.75, 8.275],
			"faces": {
				"north": {"uv": [8.5, 9.75, 8.375, 10.125], "texture": "#0"},
				"east": {"uv": [8.375, 9.75, 8.5, 10.125], "texture": "#0"},
				"south": {"uv": [8.375, 9.75, 8.5, 10.125], "texture": "#0"},
				"west": {"uv": [8.375, 9.75, 8.5, 10.125], "texture": "#0"},
				"up": {"uv": [8.375, 9.75, 8.5, 9.875], "texture": "#0"},
				"down": {"uv": [8.375, 10, 8.5, 10.125], "texture": "#0"}
			}
		},
		{
			"name": "sword_59",
			"from": [8.125, 6.125, 7.95],
			"to": [8.25, 6.75, 8.175],
			"faces": {
				"north": {"uv": [9, 9.75, 8.875, 10.375], "texture": "#0"},
				"east": {"uv": [8.875, 9.75, 9, 10.375], "texture": "#0"},
				"south": {"uv": [8.875, 9.75, 9, 10.375], "texture": "#0"},
				"west": {"uv": [8.875, 9.75, 9, 10.375], "texture": "#0"},
				"up": {"uv": [8.875, 9.75, 9, 9.875], "texture": "#0"},
				"down": {"uv": [8.875, 10.25, 9, 10.375], "texture": "#0"}
			}
		},
		{
			"name": "sword_60",
			"from": [6.75, 5.875, 7.9],
			"to": [6.875, 6.625, 8.225],
			"faces": {
				"north": {"uv": [6.875, 9.875, 6.75, 10.625], "texture": "#0"},
				"east": {"uv": [6.75, 9.875, 6.875, 10.625], "texture": "#0"},
				"south": {"uv": [6.75, 9.875, 6.875, 10.625], "texture": "#0"},
				"west": {"uv": [6.75, 9.875, 6.875, 10.625], "texture": "#0"},
				"up": {"uv": [6.75, 9.875, 6.875, 10], "texture": "#0"},
				"down": {"uv": [6.75, 10.5, 6.875, 10.625], "texture": "#0"}
			}
		},
		{
			"name": "sword_61",
			"from": [7.25, 6.375, 7.85],
			"to": [7.375, 6.625, 8.275],
			"faces": {
				"north": {"uv": [7.875, 9.875, 7.75, 10.125], "texture": "#0"},
				"east": {"uv": [7.75, 9.875, 7.875, 10.125], "texture": "#0"},
				"south": {"uv": [7.75, 9.875, 7.875, 10.125], "texture": "#0"},
				"west": {"uv": [7.75, 9.875, 7.875, 10.125], "texture": "#0"},
				"up": {"uv": [7.75, 9.875, 7.875, 10], "texture": "#0"},
				"down": {"uv": [7.75, 10, 7.875, 10.125], "texture": "#0"}
			}
		},
		{
			"name": "sword_62",
			"from": [7.75, 6.375, 7.85],
			"to": [7.875, 6.625, 8.275],
			"faces": {
				"north": {"uv": [8.375, 9.875, 8.25, 10.125], "texture": "#0"},
				"east": {"uv": [8.25, 9.875, 8.375, 10.125], "texture": "#0"},
				"south": {"uv": [8.25, 9.875, 8.375, 10.125], "texture": "#0"},
				"west": {"uv": [8.25, 9.875, 8.375, 10.125], "texture": "#0"},
				"up": {"uv": [8.25, 9.875, 8.375, 10], "texture": "#0"},
				"down": {"uv": [8.25, 10, 8.375, 10.125], "texture": "#0"}
			}
		},
		{
			"name": "sword_63",
			"from": [8.25, 6.25, 7.95],
			"to": [8.375, 6.625, 8.175],
			"faces": {
				"north": {"uv": [9.125, 9.875, 9, 10.25], "texture": "#0"},
				"east": {"uv": [9, 9.875, 9.125, 10.25], "texture": "#0"},
				"south": {"uv": [9, 9.875, 9.125, 10.25], "texture": "#0"},
				"west": {"uv": [9, 9.875, 9.125, 10.25], "texture": "#0"},
				"up": {"uv": [9, 9.875, 9.125, 10], "texture": "#0"},
				"down": {"uv": [9, 10.125, 9.125, 10.25], "texture": "#0"}
			}
		},
		{
			"name": "sword_64",
			"from": [7, 6.125, 7.9],
			"to": [7.125, 6.5, 8.225],
			"faces": {
				"north": {"uv": [7.125, 10, 7, 10.375], "texture": "#0"},
				"east": {"uv": [7, 10, 7.125, 10.375], "texture": "#0"},
				"south": {"uv": [7, 10, 7.125, 10.375], "texture": "#0"},
				"west": {"uv": [7, 10, 7.125, 10.375], "texture": "#0"},
				"up": {"uv": [7, 10, 7.125, 10.125], "texture": "#0"},
				"down": {"uv": [7, 10.25, 7.125, 10.375], "texture": "#0"}
			}
		},
		{
			"name": "sword_65",
			"from": [7.375, 6.25, 7.85],
			"to": [7.75, 6.5, 8.275],
			"faces": {
				"north": {"uv": [8.25, 10, 7.875, 10.25], "texture": "#0"},
				"east": {"uv": [8.125, 10, 8.25, 10.25], "texture": "#0"},
				"south": {"uv": [7.875, 10, 8.25, 10.25], "texture": "#0"},
				"west": {"uv": [7.875, 10, 8, 10.25], "texture": "#0"},
				"up": {"uv": [7.875, 10, 8.25, 10.125], "texture": "#0"},
				"down": {"uv": [7.875, 10.125, 8.25, 10.25], "texture": "#0"}
			}
		},
		{
			"name": "sword_66",
			"from": [8, 6, 7.95],
			"to": [8.125, 6.5, 8.175],
			"faces": {
				"north": {"uv": [8.875, 10, 8.75, 10.5], "texture": "#0"},
				"east": {"uv": [8.75, 10, 8.875, 10.5], "texture": "#0"},
				"south": {"uv": [8.75, 10, 8.875, 10.5], "texture": "#0"},
				"west": {"uv": [8.75, 10, 8.875, 10.5], "texture": "#0"},
				"up": {"uv": [8.75, 10, 8.875, 10.125], "texture": "#0"},
				"down": {"uv": [8.75, 10.375, 8.875, 10.5], "texture": "#0"}
			}
		},
		{
			"name": "sword_67",
			"from": [8.375, 6.25, 7.95],
			"to": [8.5, 6.5, 8.175],
			"faces": {
				"north": {"uv": [9.25, 10, 9.125, 10.25], "texture": "#0"},
				"east": {"uv": [9.125, 10, 9.25, 10.25], "texture": "#0"},
				"south": {"uv": [9.125, 10, 9.25, 10.25], "texture": "#0"},
				"west": {"uv": [9.125, 10, 9.25, 10.25], "texture": "#0"},
				"up": {"uv": [9.125, 10, 9.25, 10.125], "texture": "#0"},
				"down": {"uv": [9.125, 10.125, 9.25, 10.25], "texture": "#0"}
			}
		},
		{
			"name": "sword_68",
			"from": [6.625, 5.625, 7.9],
			"to": [6.75, 6.375, 8.225],
			"faces": {
				"north": {"uv": [6.75, 10.125, 6.625, 10.875], "texture": "#0"},
				"east": {"uv": [6.625, 10.125, 6.75, 10.875], "texture": "#0"},
				"south": {"uv": [6.625, 10.125, 6.75, 10.875], "texture": "#0"},
				"west": {"uv": [6.625, 10.125, 6.75, 10.875], "texture": "#0"},
				"up": {"uv": [6.625, 10.125, 6.75, 10.25], "texture": "#0"},
				"down": {"uv": [6.625, 10.75, 6.75, 10.875], "texture": "#0"}
			}
		},
		{
			"name": "sword_69",
			"from": [7.125, 6, 7.9],
			"to": [7.375, 6.375, 8.225],
			"faces": {
				"north": {"uv": [7.375, 10.125, 7.125, 10.5], "texture": "#0"},
				"east": {"uv": [7.25, 10.125, 7.375, 10.5], "texture": "#0"},
				"south": {"uv": [7.125, 10.125, 7.375, 10.5], "texture": "#0"},
				"west": {"uv": [7.125, 10.125, 7.25, 10.5], "texture": "#0"},
				"up": {"uv": [7.125, 10.125, 7.375, 10.25], "texture": "#0"},
				"down": {"uv": [7.125, 10.375, 7.375, 10.5], "texture": "#0"}
			}
		},
		{
			"name": "sword_70",
			"from": [7.875, 6.25, 7.95],
			"to": [8, 6.375, 8.175],
			"faces": {
				"north": {"uv": [8.75, 10.125, 8.625, 10.25], "texture": "#0"},
				"east": {"uv": [8.625, 10.125, 8.75, 10.25], "texture": "#0"},
				"south": {"uv": [8.625, 10.125, 8.75, 10.25], "texture": "#0"},
				"west": {"uv": [8.625, 10.125, 8.75, 10.25], "texture": "#0"},
				"up": {"uv": [8.625, 10.125, 8.75, 10.25], "texture": "#0"},
				"down": {"uv": [8.625, 10.125, 8.75, 10.25], "texture": "#0"}
			}
		},
		{
			"name": "sword_71",
			"from": [8.5, 6.25, 7.95],
			"to": [8.625, 6.375, 8.175],
			"faces": {
				"north": {"uv": [9.375, 10.125, 9.25, 10.25], "texture": "#0"},
				"east": {"uv": [9.25, 10.125, 9.375, 10.25], "texture": "#0"},
				"south": {"uv": [9.25, 10.125, 9.375, 10.25], "texture": "#0"},
				"west": {"uv": [9.25, 10.125, 9.375, 10.25], "texture": "#0"},
				"up": {"uv": [9.25, 10.125, 9.375, 10.25], "texture": "#0"},
				"down": {"uv": [9.25, 10.125, 9.375, 10.25], "texture": "#0"}
			}
		},
		{
			"name": "sword_72",
			"from": [7.375, 6, 7.9],
			"to": [7.5, 6.25, 8.225],
			"faces": {
				"north": {"uv": [7.5, 10.25, 7.375, 10.5], "texture": "#0"},
				"east": {"uv": [7.375, 10.25, 7.5, 10.5], "texture": "#0"},
				"south": {"uv": [7.375, 10.25, 7.5, 10.5], "texture": "#0"},
				"west": {"uv": [7.375, 10.25, 7.5, 10.5], "texture": "#0"},
				"up": {"uv": [7.375, 10.25, 7.5, 10.375], "texture": "#0"},
				"down": {"uv": [7.375, 10.375, 7.5, 10.5], "texture": "#0"}
			}
		},
		{
			"name": "sword_73",
			"from": [7.5, 3.875, 7.9],
			"to": [7.75, 6.25, 8.225],
			"faces": {
				"north": {"uv": [8.25, 10.25, 8, 12.625], "texture": "#0"},
				"east": {"uv": [8.125, 10.25, 8.25, 12.625], "texture": "#0"},
				"south": {"uv": [8, 10.25, 8.25, 12.625], "texture": "#0"},
				"west": {"uv": [8, 10.25, 8.125, 12.625], "texture": "#0"},
				"up": {"uv": [8, 10.25, 8.25, 10.375], "texture": "#0"},
				"down": {"uv": [8, 12.5, 8.25, 12.625], "texture": "#0"}
			}
		},
		{
			"name": "sword_74",
			"from": [6.5, 4.125, 7.9],
			"to": [6.625, 6.125, 8.225],
			"faces": {
				"north": {"uv": [6.625, 10.375, 6.5, 12.375], "texture": "#0"},
				"east": {"uv": [6.5, 10.375, 6.625, 12.375], "texture": "#0"},
				"south": {"uv": [6.5, 10.375, 6.625, 12.375], "texture": "#0"},
				"west": {"uv": [6.5, 10.375, 6.625, 12.375], "texture": "#0"},
				"up": {"uv": [6.5, 10.375, 6.625, 10.5], "texture": "#0"},
				"down": {"uv": [6.5, 12.25, 6.625, 12.375], "texture": "#0"}
			}
		},
		{
			"name": "sword_75",
			"from": [7.25, 5.75, 7.9],
			"to": [7.375, 6, 8.225],
			"faces": {
				"north": {"uv": [7.375, 10.5, 7.25, 10.75], "texture": "#0"},
				"east": {"uv": [7.25, 10.5, 7.375, 10.75], "texture": "#0"},
				"south": {"uv": [7.25, 10.5, 7.375, 10.75], "texture": "#0"},
				"west": {"uv": [7.25, 10.5, 7.375, 10.75], "texture": "#0"},
				"up": {"uv": [7.25, 10.5, 7.375, 10.625], "texture": "#0"},
				"down": {"uv": [7.25, 10.625, 7.375, 10.75], "texture": "#0"}
			}
		},
		{
			"name": "sword_76",
			"from": [7.375, 3.875, 7.9],
			"to": [7.5, 6, 8.225],
			"faces": {
				"north": {"uv": [8, 10.5, 7.875, 12.625], "texture": "#0"},
				"east": {"uv": [7.875, 10.5, 8, 12.625], "texture": "#0"},
				"south": {"uv": [7.875, 10.5, 8, 12.625], "texture": "#0"},
				"west": {"uv": [7.875, 10.5, 8, 12.625], "texture": "#0"},
				"up": {"uv": [7.875, 10.5, 8, 10.625], "texture": "#0"},
				"down": {"uv": [7.875, 12.5, 8, 12.625], "texture": "#0"}
			}
		},
		{
			"name": "sword_77",
			"from": [6.375, 4.375, 7.9],
			"to": [6.5, 5.875, 8.225],
			"faces": {
				"north": {"uv": [6.5, 10.625, 6.375, 12.125], "texture": "#0"},
				"east": {"uv": [6.375, 10.625, 6.5, 12.125], "texture": "#0"},
				"south": {"uv": [6.375, 10.625, 6.5, 12.125], "texture": "#0"},
				"west": {"uv": [6.375, 10.625, 6.5, 12.125], "texture": "#0"},
				"up": {"uv": [6.375, 10.625, 6.5, 10.75], "texture": "#0"},
				"down": {"uv": [6.375, 12, 6.5, 12.125], "texture": "#0"}
			}
		},
		{
			"name": "sword_78",
			"from": [6.25, 4.625, 7.9],
			"to": [6.375, 5.625, 8.225],
			"faces": {
				"north": {"uv": [6.375, 10.875, 6.25, 11.875], "texture": "#0"},
				"east": {"uv": [6.25, 10.875, 6.375, 11.875], "texture": "#0"},
				"south": {"uv": [6.25, 10.875, 6.375, 11.875], "texture": "#0"},
				"west": {"uv": [6.25, 10.875, 6.375, 11.875], "texture": "#0"},
				"up": {"uv": [6.25, 10.875, 6.375, 11], "texture": "#0"},
				"down": {"uv": [6.25, 11.75, 6.375, 11.875], "texture": "#0"}
			}
		},
		{
			"name": "sword_79",
			"from": [6.625, 3.875, 7.9],
			"to": [6.75, 4.75, 8.225],
			"faces": {
				"north": {"uv": [6.75, 11.75, 6.625, 12.625], "texture": "#0"},
				"east": {"uv": [6.625, 11.75, 6.75, 12.625], "texture": "#0"},
				"south": {"uv": [6.625, 11.75, 6.75, 12.625], "texture": "#0"},
				"west": {"uv": [6.625, 11.75, 6.75, 12.625], "texture": "#0"},
				"up": {"uv": [6.625, 11.75, 6.75, 11.875], "texture": "#0"},
				"down": {"uv": [6.625, 12.5, 6.75, 12.625], "texture": "#0"}
			}
		},
		{
			"name": "sword_80",
			"from": [6.75, 3.75, 7.9],
			"to": [6.875, 4.25, 8.225],
			"faces": {
				"north": {"uv": [6.875, 12.25, 6.75, 12.75], "texture": "#0"},
				"east": {"uv": [6.75, 12.25, 6.875, 12.75], "texture": "#0"},
				"south": {"uv": [6.75, 12.25, 6.875, 12.75], "texture": "#0"},
				"west": {"uv": [6.75, 12.25, 6.875, 12.75], "texture": "#0"},
				"up": {"uv": [6.75, 12.25, 6.875, 12.375], "texture": "#0"},
				"down": {"uv": [6.75, 12.625, 6.875, 12.75], "texture": "#0"}
			}
		},
		{
			"name": "sword_81",
			"from": [6.875, 3.625, 7.9],
			"to": [7, 4, 8.225],
			"faces": {
				"north": {"uv": [7, 12.5, 6.875, 12.875], "texture": "#0"},
				"east": {"uv": [6.875, 12.5, 7, 12.875], "texture": "#0"},
				"south": {"uv": [6.875, 12.5, 7, 12.875], "texture": "#0"},
				"west": {"uv": [6.875, 12.5, 7, 12.875], "texture": "#0"},
				"up": {"uv": [6.875, 12.5, 7, 12.625], "texture": "#0"},
				"down": {"uv": [6.875, 12.75, 7, 12.875], "texture": "#0"}
			}
		},
		{
			"name": "sword_82",
			"from": [7, 3.625, 7.9],
			"to": [7.25, 3.875, 8.225],
			"faces": {
				"north": {"uv": [7.25, 12.625, 7, 12.875], "texture": "#0"},
				"east": {"uv": [7.125, 12.625, 7.25, 12.875], "texture": "#0"},
				"south": {"uv": [7, 12.625, 7.25, 12.875], "texture": "#0"},
				"west": {"uv": [7, 12.625, 7.125, 12.875], "texture": "#0"},
				"up": {"uv": [7, 12.625, 7.25, 12.75], "texture": "#0"},
				"down": {"uv": [7, 12.75, 7.25, 12.875], "texture": "#0"}
			}
		},
		{
			"name": "sword_84",
			"from": [7.125, 3.375, 7.9],
			"to": [7.25, 3.625, 8.225],
			"faces": {
				"north": {"uv": [7.25, 12.875, 7.125, 13.125], "texture": "#0"},
				"east": {"uv": [7.125, 12.875, 7.25, 13.125], "texture": "#0"},
				"south": {"uv": [7.125, 12.875, 7.25, 13.125], "texture": "#0"},
				"west": {"uv": [7.125, 12.875, 7.25, 13.125], "texture": "#0"},
				"up": {"uv": [7.125, 12.875, 7.25, 13], "texture": "#0"},
				"down": {"uv": [7.125, 13, 7.25, 13.125], "texture": "#0"}
			}
		},
		{
			"name": "sword_85",
			"from": [7.25, 3.375, 7.8],
			"to": [7.875, 3.875, 8.325],
			"faces": {
				"north": {"uv": [8.375, 12.875, 7.75, 13.375], "texture": "#0"},
				"east": {"uv": [8.25, 12.875, 8.375, 13.375], "texture": "#0"},
				"south": {"uv": [7.75, 12.875, 8.375, 13.375], "texture": "#0"},
				"west": {"uv": [7.75, 12.875, 7.875, 13.375], "texture": "#0"},
				"up": {"uv": [7.75, 12.875, 8.375, 13], "texture": "#0"},
				"down": {"uv": [7.75, 13.25, 8.375, 13.375], "texture": "#0"}
			}
		}
	],
	"gui_light": "front",
	"display": {
		"thirdperson_righthand": {
			"rotation": [0, -90, 0],
			"translation": [0, 8.25, 3.5],
			"scale": [3.5, 3.5, 3]
		},
		"thirdperson_lefthand": {
			"rotation": [0, 90, 0],
			"translation": [0, 8, 2.5],
			"scale": [3.5, 3.5, 3]
		},
		"firstperson_righthand": {
			"rotation": [0, -90, -4],
			"translation": [0.75, 6.25, 2],
			"scale": [2, 2, 1.75]
		},
		"firstperson_lefthand": {
			"rotation": [0, 90, 1],
			"translation": [1.5, 6.75, 1.25],
			"scale": [2, 2, 1.75]
		},
		"ground": {
			"translation": [0, 8.5, 0],
			"scale": [2.5, 2.5, 2.5]
		},
		"gui": {
			"rotation": [0, 0, -42],
			"translation": [1, -1, 0],
			"scale": [2, 1.63, 1]
		},
		"head": {
			"rotation": [0, 0, 134],
			"translation": [0, -10.5, 3.5],
			"scale": [4, 4, 4]
		},
		"fixed": {
			"rotation": [-180, 0, 138],
			"translation": [-1.25, 1.75, -0.75],
			"scale": [4, 4, 3]
		}
	},
	"groups": [
		{
			"name": "sword",
			"origin": [8, 8, 8],
			"color": 0,
			"children": [
				0,
				1,
				2,
				3,
				4,
				5,
				6,
				7,
				8,
				9,
				10,
				11,
				12,
				13,
				14,
				15,
				16,
				17,
				18,
				19,
				20,
				21,
				22,
				23,
				24,
				25,
				26,
				27,
				28,
				29,
				30,
				31,
				32,
				33,
				34,
				35,
				36,
				37,
				38,
				39,
				40,
				41,
				42,
				43,
				44,
				45,
				46,
				47,
				48,
				49,
				50,
				51,
				52,
				53,
				54,
				55,
				56,
				57,
				58,
				59,
				60,
				61,
				62,
				63,
				64,
				65,
				66,
				67,
				68,
				69,
				70,
				71,
				72,
				73,
				74,
				75,
				76,
				77,
				78,
				79,
				80,
				81,
				82,
				83,
				84
			]
		}
	]
}